000,Check in please.,체크인요.
001,Where is my gate?,게이트 어디예요?
002,Can I get a map?,지도 주세요?
003,How much is this?,이거 얼마예요?
004,I need a taxi.,택시가 필요해요
005,What time is it?,지금 몇 시예요?
006,Do you have Wi-Fi?,와이파이 되나요?
007,I'm lost.,길을 잃었어요
008,Please give me water.,물을 주세요
009,Take me here.,여기로 가요.
010,Can I pay by card?,카드로 돼요?
011,I want a menu.,메뉴판 볼게요.
012,It's too cold.,너무 추워요.
013,Excuse me?,저기요 질문요.
014,Where is the bathroom?,화장실이 어디예요?
015,I need help.,도움이 필요해요
016,Can I try this?,이거 입어봐요?
017,It was so good.,정말 맛있었어요
018,Just a moment.,잠깐만요.
019,I don't get it.,이해 못 했어요
020,How do I get there?,거기 어떻게 가요?
021,I have a room.,예약했어요
022,Can I sit here?,여기 앉을까요?
023,It's very good.,이거 아주 좋아요
024,Where's the subway?,지하철 어디예요?
025,I'm allergic to nuts.,견과류 알레르기요.
026,Can I change money?,환전 되나요?
027,I'll take this.,이것으로 할게요
028,Just looking.,그냥 보는 중이에요
029,Can I get a receipt?,영수증 돼요?
030,I want to order.,지금 주문할게요.
031,Is breakfast free?,아침 식사 무료예요?
032,Say that again?,다시 말해줘요?
033,I need a fork.,포크가 필요해요
034,Is it far?,여기서 먼가요?
035,How long takes it?,얼마나 걸려요?
036,I feel sick.,오늘 몸이 안 좋아요
037,I need a blanket.,담요가 필요해요
038,What is this street?,이 거리는 뭐예요?
039,Your name please?,성함을 알려주세요
040,I need a single.,싱글룸이 필요해요
041,Speak slowly.,천천히 말해주세요
042,Which bus?,어떤 버스가 가요?
043,Is this included?,포함된 건가요?
044,I want to go back.,돌아가고 싶어요
045,I like this a lot.,이거 정말 좋아요
046,Where to smoke?,어디서 흡연해요?
047,How can I call you?,어떻게 불러야 하나요?
048,It is on the house.,이건 서비스예요
049,Lost my passport.,여권을 잃었어요.
050,Any discount?,할인이 있나요?
051,Can I leave bags?,짐을 맡길까요?
052,Two nights stay.,이틀 밤 묵을 거예요
053,I need a train.,기차를 타야 해요
054,Take credit cards?,신용카드 받나요?
055,Need bigger size.,더 큰 사이즈요.
056,Hurry up please.,서둘러 주세요
057,It's my first time.,처음이에요
058,Can I use my phone?,제 폰 써도 돼요?
059,I need a quiet room.,조용한 방이 필요해요
060,Is this taken?,이 자리 주인 있나요?
061,What's your special?,특별 메뉴는요?
062,I want the view.,경치를 보고 싶어요
063,Stop here.,여기서 멈춰 주세요
064,Do you have a key?,열쇠 갖고 계세요?
065,Can I get a towel?,수건을 받을까요?
066,I need adapter.,어댑터가 필요해요
067,Where is the ATM?,ATM은 어디예요?
068,Spoon please?,숟가락 주세요?
069,Going to the beach.,해변에 갈 거예요
070,Room number?,방 번호가 몇 번이에요?
071,I'll pay for us.,저희가 계산할게요
072,Tastes strange.,맛이 이상해요.
073,Can I cancel?,이거 취소할 수 있나요?
074,Where's fitting room?,탈의실이 어디예요?
075,Table for two.,2인용 테이블이요
076,Can I get a refill?,리필해 주시겠어요?
077,I'm really sleepy.,정말 졸려요
078,When's next bus?,다음 버스는 언제예요?
079,It's too expensive.,너무 비싸요
080,Need luggage cart.,수하물 카트 필요해요
081,What's main dish?,메인 요리가 뭐예요?
082,Open the window?,창문 열어도 돼요?
083,I need to call home.,집에 전화해야 해요
084,How was your flight?,비행은 어땠어요?
085,Is there a pool?,수영장이 있나요?
086,Receipt please.,영수증 좀 주세요?
087,Need smaller size.,더 작은 사이즈요.
088,Where to buy ticket?,표는 어디서 사요?
089,I want a window seat.,창가 자리 원해요.
090,I need a tissue box.,티슈 상자가 필요해요
091,Is hotel nearby?,호텔이 근처인가요?
092,I'll check out.,체크아웃 할게요
093,Pay in cash?,현금으로 결제해요?
094,I want a rental car.,차를 빌리고 싶어요
095,How much is fare?,요금이 얼마예요?
096,Is it safe at night?,밤에는 안전한가요?
097,I need a pillow.,베개가 필요해요
098,Nearest bank?,가장 가까운 은행은?
099,Help me with this?,이것 좀 도와주세요?
100,I need a doctor.,의사가 필요해요
101,I want a round trip.,왕복표 원해요.
102,Baggage claim?,수하물 찾는 곳은?
103,Table outside please.,야외 테이블로요.
104,Is there a gym here?,여기에 체육관이 있나요?
105,Need a new key.,새 키 카드가 필요해요
106,Breakfast time?,아침 식사는 몇 시예요?
107,I want to exchange.,이걸 교환하고 싶어요
108,Here on business.,업무차 왔습니다
109,I want a castle.,성을 보고 싶어요
110,Some sugar please?,설탕 좀 주시겠어요?
111,Non-smoking room.,금연실로 부탁해요
112,Charge to my room.,방에 달아 주세요
113,Check-out time?,체크아웃 시간은요?
114,Ready to order.,주문할 준비 됐어요.
115,Can I get a discount?,할인 좀 받을 수 있나요?
116,Need a power outlet.,콘센트가 필요해요
117,Is water safe?,이 물 마셔도 돼요?
118,I'll be back soon.,금방 돌아올게요
119,Can I take a photo?,사진 찍어도 될까요?
120,I need more soap.,비누가 더 필요해요
121,What is your name?,당신의 이름은 무엇인가요?
122,Traveling alone.,혼자 여행 중이에요
123,Can I get a knife?,나이프를 주시겠어요?
124,I need a ride.,차를 태워 주세요
125,Duty-free where?,면세점은 어디예요?
126,I'll call you later.,나중에 전화할게요
127,What food is this?,이건 무슨 음식이에요?
128,I need bigger room.,더 큰 방이 필요해요
129,Can I taste this?,이것 좀 맛봐도 될까요?
130,I have a big bag.,큰 여행 가방 있어요.
131,Write it down.,적어주세요
132,Ticket to Seoul.,서울행 표가 필요해요
133,Right way?,이 길이 맞나요?
134,Can I have a spoon?,숟가락 좀 주세요
135,Need a wake-up.,모닝콜이 필요해요
136,Pet policy?,애완동물 규정이 있나요?
137,I want a stamp.,우표를 사고 싶어요
138,Speed limit?,속도 제한은 얼마예요?
139,Find a store.,가게를 찾아야 해요
140,Can I get a receipt?,영수증 주세요
141,Go for a walk.,산책하러 가고 싶어요
142,Tourist info?,여행 안내소가 있나요?
143,I need more time.,시간이 더 필요해요
144,Take me there?,거기로 데려다 줄 수 있나요?
145,I need a dryer.,헤어 드라이어가 필요해요
146,Tour time?,투어는 몇 시에 시작해요?
147,Waiting for someone.,누군가를 기다리고 있어요
148,Can I use your phone?,전화 좀 써도 될까요?
149,Try local food.,현지 음식을 먹고 싶어요
150,Need new bulb.,새 전구가 필요해요
151,Where can I park?,어디에 주차할 수 있나요?
152,I'll be right back.,금방 다시 올게요
153,Can I have a look?,좀 봐도 될까요?
154,Need shoe polish.,구두약 세트가 필요해요
155,Your address?,당신의 주소는 무엇인가요?
156,I want clothes.,옷을 사고 싶어요
157,Direct flight?,직항편인가요?
158,Need a safety pin.,안전핀이 필요해요
159,Pay for my friend?,친구 대신 내도 될까요?
160,I want a coffee.,커피 한 잔 주세요
161,Is noise too loud?,소음이 너무 큰가요?
162,I need a toothbrush.,칫솔이 필요해요
163,Where to find gift?,선물은 어디서 찾아요?
164,Can I have a juice?,주스 한 잔 주세요
165,Call embassy.,대사관에 전화해야 해요
166,Flight number?,항공편 번호가 뭐예요?
167,Here for vacation.,휴가차 왔습니다
168,Can I use printer?,프린터 좀 써도 될까요?
169,Need a warm coat.,따뜻한 코트가 필요해요
170,Is there a station?,근처에 역이 있나요?
171,I want a museum.,박물관을 보고 싶어요
172,Small bag please.,작은 봉투 좀 주세요
173,I need an iron.,다리미가 필요해요
174,Main reason?,주요 이유는 무엇인가요?
175,Going to the park.,공원에 갈 거예요
176,Get stamp here?,여기서 우표를 사요?
177,I need a band-aid.,밴드가 필요해요
178,Cheap food where?,저렴한 음식점은요?
179,I want to try it.,이거 입어보고 싶어요
180,Send a postcard.,엽서를 보내야 해요
181,Pay separately.,따로 계산할게요
182,Is this final price?,이 가격이 최종인가요?
183,Room on high floor.,고층 방이 필요해요
184,Current time?,현재 시간은 몇 시예요?
185,Reserve a seat.,좌석을 예약하고 싶어요
186,Use my voucher?,상품권을 사용해도 될까요?
187,I need a pen.,펜이 필요해요
188,Lost and found?,분실물 센터는 어디예요?
189,I want a bike.,자전거를 빌리고 싶어요
190,Can I get a napkin?,냅킨을 주시겠어요?
191,Need a city map.,시내 지도가 필요해요
192,Your phone number?,전화번호가 뭐예요?
193,Not feeling well.,몸 상태가 좋지 않아요
194,Ride to airport?,공항까지 태워줄래요?
195,Need some aspirin.,아스피린이 좀 필요해요
196,Laundry service?,세탁 서비스가 있나요?
197,I want a nap.,잠깐 눈을 붙이고 싶어요
198,Can I leave early?,일찍 떠나도 될까요?
199,Fix my camera.,카메라를 고쳐야 해요
200,Where is the exit?,출구는 어디예요?
201,I want a bus.,버스를 타고 싶어요
202,Can I get a spoon?,수저를 주시겠어요?
203,I need a receipt.,영수증이 필요해요
204,Is the tip included?,팁이 포함되어 있나요?
205,Waiting for friend.,친구를 기다리는 중이에요
206,Look at this?,이것 좀 봐도 될까요?
207,I need small change.,잔돈이 필요해요
208,Your email address?,이메일 주소는 뭐예요?
209,Stay one more night.,하룻밤 더 묵을게요
210,Hot drink please.,따뜻한 음료 주세요
211,I need shoehorn.,구둣주걱이 필요해요
212,Charge phone where?,폰 충전은 어디서 해요?
213,I want some wine.,와인을 좀 사고 싶어요
214,Use the elevator?,엘리베이터 써도 돼요?
215,Need safety box.,금고가 필요해요
216,Local currency?,현지 통화가 뭐예요?
217,Visit family.,가족 방문차 왔습니다
218,Cold drink please.,차가운 음료 주세요
219,Need needle and thread.,바늘과 실이 필요해요
220,Best price?,이게 최저가인가요?
221,I want to shop.,쇼핑하러 가고 싶어요
222,Can I have a fork?,포크 좀 주세요
223,Need plastic bag.,비닐봉투가 필요해요
224,Dining hall where?,식당은 어디예요?
225,Going to concert.,콘서트에 갈 거예요
226,Use your washroom?,세면실 좀 써도 될까요?
227,I need a new battery.,새 배터리가 필요해요
228,What's the password?,비밀번호가 뭐예요?
229,Try something new.,새로운 것을 해보고 싶어요
230,Some butter please?,버터 좀 주시겠어요?
231,I need bottle opener.,병따개가 필요해요
232,Is the line long?,줄이 긴가요?
233,Here for few days.,며칠 동안 있을 거예요
234,Can I get a blanket?,담요 좀 받을 수 있나요?
235,I need to mail this.,이것을 우편으로 보내야 해요
236,Best view where?,최고의 경치는 어디예요?
237,I want a book.,책을 사고 싶어요
238,Check my email?,이메일 확인해도 돼요?
239,Taxi to station.,역으로 가는 택시가 필요해요
240,What's the weather?,날씨가 어때요?
241,Going to cinema.,영화관에 갈 거예요
242,Can I get dessert?,디저트를 주시겠어요?
243,Receipt please.,영수증 부탁해요
244,Museum open now?,박물관이 지금 여나요?
245,I want to walk.,주변을 걷고 싶어요
246,Can I have some ice?,얼음 좀 주시겠어요?
247,Book a flight.,비행기를 예약해야 해요
248,Get haircut where?,이발은 어디서 해요?
249,I'm sorry late.,죄송해요 늦었어요
250,I need double room.,더블룸이 필요해요
251,Pay with dollars?,달러로 계산할 수 있나요?
252,Seat near exit.,출구 근처 좌석 원해요.
253,Currency exchange?,환전소는 어디예요?
254,I need small bottle.,작은 병이 필요해요
255,Check-in time?,체크인 시간은요?
256,Call my family.,가족에게 전화하고 싶어요
257,Order a beer.,맥주 한 잔 주문할게요.
258,Fill out this form.,이 양식을 작성해야 해요
259,Local market nearby?,근처에 시장이 있나요?
260,Take a picture here.,여기서 사진 찍고 싶어요
261,Try this food?,이 음식 맛봐도 돼요?
262,Wake-up call at 6.,6시에 모닝콜 부탁해요
263,Where's pharmacy?,약국은 어디예요?
264,I want a souvenir.,기념품을 사고 싶어요
265,Use this coupon?,이 쿠폰을 사용할 수 있나요?
266,I need extra chair.,여분의 의자가 필요해요
267,What is the address?,여기 주소가 뭐예요?
268,Here for conference.,회의차 왔습니다
269,Clean towel please?,깨끗한 수건 주시겠어요?
270,Need bus schedule.,버스 시간표가 필요해요
271,Show cancelled?,쇼가 취소됐나요?
272,See city lights.,도시 야경을 보고 싶어요
273,Table by window.,창가 테이블로 할게요.
274,I need painkiller.,진통제가 필요해요
275,Find bookstore where?,서점은 어디서 찾아요?
276,I want a temple.,사원에 가고 싶어요
277,Diet coke please.,다이어트 콜라 주세요
278,Need plug adapter.,플러그 어댑터가 필요해요
279,Is this seat open?,이 자리는 비어있나요?
280,Waiting for reply.,답장을 기다리고 있어요
281,Glass of wine?,와인 한 잔 주시겠어요?
282,Need to send a fax.,팩스를 보내야 해요
283,Closing time?,마감 시간은 몇 시예요?
284,I want snacks.,간식을 좀 사고 싶어요
285,Look at map?,지도를 좀 봐도 될까요?
286,Need luggage tag.,수하물 꼬리표가 필요해요
287,Smoking area?,흡연 구역이 있나요?
288,Going to the bank.,은행에 갈 거예요
289,Bill please.,계산서 주세요
290,I need new toothbrush.,새 칫솔이 필요해요
291,Best way to go?,가장 좋은 방법은 뭐예요?
292,I want the bridge.,다리를 보고 싶어요
293,Discount now?,지금 할인되나요?
294,Use the internet.,인터넷을 사용해야 해요
295,Price negotiable?,가격 흥정 되나요?
296,Allergic to seafood.,해산물 알레르기가 있어요
297,A little more?,조금 더 주시겠어요?
298,Need travel guide.,여행 가이드가 필요해요
299,Mail letter where?,편지를 어디서 부치나요?
300,I want Korean.,한국어를 배우고 싶어요
301,Use my headphones?,헤드폰을 써도 될까요?
302,Need quiet spot.,조용한 장소가 필요해요
303,Entrance fee?,입장료는 얼마예요?
304,Here for long trip.,장기 여행 중이에요
305,Plastic cup please?,플라스틱 컵을 주시겠어요?
306,Wash my clothes.,옷을 세탁해야 해요
307,Museum free today?,오늘 박물관은 무료인가요?
308,I want the market.,시장에 가고 싶어요
309,Get bus ticket?,버스표를 살 수 있나요?
310,Need charging cable.,충전 케이블이 필요해요
311,Exchange rate?,환율은 얼마예요?
312,Going to mountain.,산에 갈 거예요
313,Paper bag please?,종이봉투 좀 주시겠어요?
314,Check my bags.,가방을 확인해야 해요
315,Train on time?,기차가 정시인가요?
316,I want some gifts.,선물을 좀 사고 싶어요
317,Small coffee please.,작은 커피 한 잔 주세요
318,I need a spare key.,여분의 열쇠가 필요해요
319,Closest toilet?,가장 가까운 화장실은?
320,Here for two weeks.,2주 동안 있을 거예요
321,Cold water please?,찬물 좀 주시겠어요?
322,Find public phone.,공중전화를 찾아야 해요
323,Best time to visit?,방문하기 좋은 시간은요?
324,I want a shower.,샤워하고 싶어요
325,Use this chair?,이 의자를 써도 될까요?
326,Need phone charger.,휴대폰 충전기가 필요해요
327,Is park crowded?,공원이 붐비나요?
328,Going to concert hall.,콘서트장으로 갈 거예요
329,More bread please?,빵 좀 더 주시겠어요?
330,Stamp for the US.,미국으로 보낼 우표가 필요해요
331,Buy postcard where?,엽서는 어디서 사요?
332,Try that dessert.,저 디저트를 먹고 싶어요
333,Get ticket here?,여기서 표를 살 수 있나요?
334,I need laundry bag.,세탁 봉투가 필요해요
335,Opening hour?,개장 시간은 몇 시예요?
336,Here with friends.,친구들과 함께 왔어요
337,Sweet wine please.,달콤한 와인 주세요
338,I need corkscrew.,코르크 마개가 필요해요
339,Included in tour?,이게 투어에 포함되나요?
340,Walk to station.,역까지 걸어가고 싶어요
341,Use your map?,지도 좀 써도 될까요?
342,Need toothbrush paste.,칫솔과 치약이 필요해요
343,Information desk?,안내 데스크는 어디예요?
344,Going back tomorrow.,내일 돌아갈 거예요
345,Quiet seat please.,조용한 좌석으로 주세요
346,Call my office.,사무실에 전화해야 해요
347,Bus number?,버스 번호는 뭐예요?
348,I want a scooter.,스쿠터를 빌리고 싶어요
349,Ride with you?,같이 태워주실 수 있나요?
350,Room facing sea.,바다가 보이는 방이 필요해요
351,Show worth seeing?,볼 만한 쇼인가요?
352,Here on holiday.,휴가로 왔습니다
353,Glass of beer?,맥주 한 잔 주시겠어요?
354,Taxi to airport.,공항 가는 택시가 필요해요
355,Nearest cafe?,가장 가까운 카페는요?
356,Try new haircut.,새로운 헤어스타일을 원해요
357,Check please.,계산서 좀 주세요
358,Room with two beds.,침대 두 개 있는 방이요
359,Time difference?,시차는 어떻게 돼요?
360,Just passing through.,그냥 지나가는 중이에요
361,Get souvenir here?,여기서 기념품을 살까요?
362,I need small umbrella.,작은 우산이 필요해요
363,Good restaurant nearby?,근처에 좋은 식당 있나요?
364,I want old town.,구시가지를 보고 싶어요
365,Cold beer please.,시원한 맥주 주세요
366,Catch next flight.,다음 비행기를 타야 해요
367,Ticket office where?,표 파는 곳은 어디예요?
368,Going to beach soon.,곧 해변에 갈 거예요
369,Window table please.,창가 자리로 주시겠어요?
370,I need simple meal.,간단한 식사가 필요해요
371,Flight duration?,비행 시간은 얼마나 돼요?
372,Look around.,주변을 둘러보고 싶어요
373,Towel for the pool?,수영장 수건 좀 받을까요?
374,Need local SIM.,현지 유심 카드가 필요해요
375,Price for one?,이 가격은 1인당인가요?
376,I'm very hot.,너무 더워요
377,Table for one.,1인용 테이블로 할게요.
378,Buy medicine.,약 좀 사야 해요
379,Find good park where?,좋은 공원은 어디예요?
380,Check my luggage.,짐을 부치고 싶어요
381,Knife and fork?,나이프와 포크 주시겠어요?
382,I need extra key.,여분 열쇠가 필요해요
383,Name of this place?,이곳 이름이 뭐예요?
384,Going to gym now.,지금 체육관에 갈 거예요
385,Coffee to go?,커피 테이크아웃 되나요?
386,Need luggage scale.,수하물 저울이 필요해요
387,Is the food spicy?,음식이 매운가요?
388,I want to port.,항구에 가고 싶어요
389,Hot sauce please?,핫소스 좀 주시겠어요?
390,I need a tour guide.,여행 가이드가 필요해요
391,Departure time?,출발 시간은 몇 시예요?
392,Here for short stay.,짧게 머물러요
393,Use the gym today?,오늘 체육관을 써도 돼요?
394,Need local paper.,지역 신문이 필요해요
395,Good coffee where?,맛있는 커피는 어디예요?
396,I want concert.,콘서트를 보고 싶어요
397,Little ice please?,얼음 조금만 주시겠어요?
398,I need sewing kit.,바느질 도구가 필요해요
399,Is the internet fast?,인터넷이 빠른가요?
400,I want sweets.,단것을 좀 사고 싶어요
401,Pay with phone?,폰으로 결제할 수 있나요?
402,Dinner reservation.,저녁 식사 예약을 해야 해요
403,Local custom?,현지 관습이 뭐예요?
404,Going to museum.,박물관에 갈 거예요
405,Blanket for flight?,비행기 담요 좀 주실까요?
406,Need iron and board.,다리미와 다리미판이 필요해요
407,Breakfast buffet?,아침은 뷔페인가요?
408,Explore the area.,이 지역을 탐험하고 싶어요
409,Receipt in English?,영어로 된 영수증 주세요
410,Taxi in 10 minutes.,10분 뒤에 택시 부탁해요
411,Police station?,경찰서는 어디예요?
412,Here for sightseeing.,관광하러 왔습니다
413,Dessert menu please.,디저트 메뉴판 주세요
414,Small water bottle.,작은 물 한 병이 필요해요
415,Last bus?,이게 마지막 버스인가요?
416,I want to the top.,꼭대기에 가고 싶어요
417,Some milk please?,우유 좀 주시겠어요?
418,Buy power bank.,보조 배터리를 사야 해요
419,Find pharmacy where?,약국은 어디서 찾아요?
420,Going to office.,사무실에 갈 거예요
421,Use your scissors?,가위 좀 써도 될까요?
422,Spare room key.,여분의 방 키가 필요해요
423,Speed limit here?,여기 속도 제한은요?
424,I want the show.,쇼를 보고 싶어요
425,Get taxi here?,여기서 택시를 잡을까요?
426,Bus to the center.,시내 가는 버스가 필요해요
427,Luggage room?,수하물 보관실이 있나요?
428,Waiting for train.,기차를 기다리고 있어요
429,Hot tea please.,뜨거운 차 한 잔 주세요
430,I need simple map.,간단한 지도가 필요해요
431,Buy ticket now?,지금 표를 어디서 사요?
432,I want this dish.,이 요리를 맛보고 싶어요
433,Late check-out?,늦게 체크아웃 되나요?
434,Room ground floor.,1층 방이 필요해요
435,Currency symbol?,통화 기호가 뭐예요?
436,Going to park next.,다음은 공원에 갈 거예요
437,Some sugar please.,설탕 좀 주세요
438,Return this.,이것을 반납해야 해요
439,Right platform?,이 승강장이 맞나요?
440,I want a newspaper.,신문을 사고 싶어요
441,Taxi to hotel?,호텔 가는 택시 좀 불러주세요
442,Reservation for two.,2인 예약을 해야 해요
443,Info center where?,정보 센터는 어디예요?
444,Traveling with family.,가족과 여행 중이에요
445,Small portion?,적은 양으로 주시겠어요?
446,Towel for my hair.,머리 수건이 필요해요
447,Local specialty?,현지 특산품이 뭐예요?
448,Walk now.,지금 산책하고 싶어요
449,Cold water bottle?,시원한 물 한 병 주세요
450,I need extra bed.,여분의 침대가 필요해요
451,Tour in English?,투어는 영어 가이드인가요?
452,Here for a wedding.,결혼식 때문에 왔습니다
453,Ketchup please?,케첩 좀 주시겠어요?
454,Room with balcony.,발코니가 있는 방이요
455,Main entrance?,정문은 어디예요?
456,I want the sunset.,일몰을 보고 싶어요
457,Use the stairs?,계단을 써도 될까요?
458,Postcard and stamp.,엽서와 우표가 필요해요
459,Bus fare?,버스 요금은 얼마예요?
460,Going to station now.,지금 역에 갈 거예요
461,Smaller one please?,더 작은 걸로 주시겠어요?
462,Need luggage lock.,여행 가방 자물쇠가 필요해요
463,Ferry running today?,오늘 페리가 운행하나요?
464,Try something sweet.,달콤한 것을 먹고 싶어요
465,Cup of milk please?,우유 한 잔 주시겠어요?
466,Reservation at 7.,7시에 예약해야 해요
467,Buy souvenir where?,기념품은 어디서 사요?
468,Here for business.,출장으로 왔습니다
469,Receipt for this?,이것에 대한 영수증은요?
470,New battery for this.,이것에 쓸 새 배터리가 필요해요
471,Next stop?,다음 정거장은 어디예요?
472,I want the fountain.,분수를 보고 싶어요
473,Some salt please?,소금 좀 주시겠어요?
474,Extend my stay.,숙박을 연장해야 해요
475,Open all night?,이곳은 밤새 영업하나요?
476,Leaving tomorrow.,내일 떠날 거예요
477,Use the treadmill?,러닝머신을 써도 될까요?
478,Copy of this.,이것을 복사해야 해요
479,Train platform?,기차 승강장은 어디예요?
480,I want some tea.,차를 좀 사고 싶어요
481,Small spoon please?,작은 숟가락 주시겠어요?
482,I need a tissue.,티슈가 필요해요
483,Meeting time?,미팅 시간은 언제예요?
484,Going to the river.,강에 갈 거예요
485,Table by the bar.,바 근처 테이블로 할게요.
486,I need a wine bottle.,와인 한 병이 필요해요
487,Place to sit?,앉을 곳이 있나요?
488,Check flight status.,비행기 상태를 확인하고 싶어요
489,Get stamp here?,여기서 우표를 사요?
490,Need bigger locker.,더 큰 사물함이 필요해요
491,Boat departure where?,배는 어디서 출발해요?
492,Here for a weekend.,주말 동안 왔어요
493,Some pepper please?,후추 좀 주시겠어요?
494,Call ambulance.,구급차를 불러야 해요
495,Check-out time?,퇴실 시간은 몇 시예요?
496,I want clock tower.,시계탑을 보고 싶어요
497,Use the pool now?,지금 수영장을 써도 돼요?
498,Reservation for 8.,8시에 예약 부탁해요
499,Shop open Sundays?,일요일에도 가게가 여나요?
500,I want local art.,현지 예술품 사고 싶어요
501,Glass of water?,물 한 잔 주시겠어요?
502,Room with a view.,전망 좋은 방이 필요해요
503,Closest bus stop?,가장 가까운 정류장은?
504,Leaving on Friday.,금요일에 떠날게요
505,Fresh juice please.,신선한 주스 주세요
506,English guide tour.,영어 가이드 투어가
507,Best way to travel?,여행하기 좋은 방법은?
508,Want to send parcel.,소포를 보내고 싶어요
509,Can I use power?,여기서 전기를 써도 될까요?
510,Need quiet table.,조용한 테이블이 필요해요
511,Safe at night here?,이 거리는 밤에 안전해요?
512,Here for few weeks.,몇 주 동안 있을게요
513,New towel please.,새 수건 좀 주실까요?
514,Small bottle opener.,작은 병따개 필요해요
515,Buy fresh fruit?,신선한 과일은 어디서 사요?
516,See the waterfall.,폭포를 보고 싶어요
517,Some dressing?,드레싱 좀 주시겠어요?
518,Restaurant reserve.,식당 예약을 해야 해요
519,Max capacity?,최대 수용 인원은요?
520,Going to theater.,극장에 갈 거예요
521,Use luggage cart?,수하물 카트를 써도 돼요?
522,Need photocopy.,복사본이 필요해요
523,Is food ready?,음식이 벌써 나왔나요?
524,Buy some batteries.,배터리를 좀 사고 싶어요
525,Cup of tea?,차 한 잔 주시겠어요?
526,Ticket to museum.,박물관 표가 필요해요
527,Station exit where?,기차역 출구는 어디예요?
528,Waiting next bus.,다음 버스를 기다리는 중이에요
529,Receipt in Korean?,한국어 영수증 주시겠어요?
530,Map of subway.,지하철 지도가 필요해요
531,Nearest landmark?,가장 가까운 명소는요?
532,Want to try beer.,맥주를 좀 마시고 싶어요
533,Small plate?,작은 접시 좀 주시겠어요?
534,Laundry detergent.,세탁 세제가 필요해요
535,Tour available?,오늘 이 투어 가능한가요?
536,Feeling very cold.,너무 추워요
537,Use swimming pool?,수영장을 써도 될까요?
538,Need a bandage.,붕대가 필요해요
539,Find good view?,좋은 전망은 어디서 봐요?
540,Want to rent house.,집을 빌리고 싶어요
541,Group discount?,단체 할인이 되나요?
542,Passport photo.,여권 사진이 필요해요
543,Delivery time?,배달 시간은 얼마나 걸려요?
544,Going to mall.,쇼핑몰에 갈 거예요
545,Chili sauce?,칠리소스 좀 주시겠어요?
546,Bigger luggage.,더 큰 가방이 필요해요
547,Is entry free?,입장이 무료인가요?
548,Want to see palace.,궁궐을 보고 싶어요
549,Small glass?,작은 잔을 주시겠어요?
550,Need timetable.,시간표가 필요해요
551,Main office where?,본관 사무실은 어디예요?
552,Staying for month.,한 달 동안 묵을 거예요
553,Table by kitchen.,주방 옆 테이블로 할게요
554,Reserve for lunch.,점심 예약을 해야 해요
555,Closing hour?,폐장 시간은 몇 시예요?
556,Buy coffee beans.,커피콩을 좀 사고 싶어요
557,Use credit card?,여기서 신용카드를 써요?
558,Travel insurance.,여행자 보험 서류가 필요해요
559,City very busy?,도시가 많이 붐비나요?
560,Going to harbor.,항구로 갈 거예요
561,Clean tablecloth?,깨끗한 식탁보 주세요
562,Room quiet side.,조용한 쪽 방이 필요해요
563,Find post office?,우체국은 어디서 찾아요?
564,Try the dessert.,저 디저트를 먹고 싶어요
565,Stamp for Canada?,캐나다로 보낼 우표는요?
566,Need explanation.,설명이 필요해요
567,Weather tomorrow?,내일 날씨는 어때요?
568,Visit friends here.,친구들을 방문하러 왔어요
569,Some cream?,크림 좀 주시겠어요?
570,Room 2 windows.,창문 두 개 있는 방이요
571,Taxi stand nearby?,근처에 택시 승강장이 있나요?
572,Want to buy pack.,배낭을 사고 싶어요
573,Use my laptop?,여기서 노트북을 써도 될까요?
574,Key for locker.,사물함 열쇠가 필요해요
575,Check-in counter?,체크인 카운터는 어디예요?
576,Go to bank today.,오늘 은행에 갈 거예요
577,Cold beer please.,시원한 맥주 한 잔 주세요
578,Small paper piece.,작은 종이 한 장이 필요해요
579,Exchange fee?,환전 수수료는 얼마예요?
580,Want to take train.,기차를 타고 싶어요
581,Large size?,큰 사이즈로 주시겠어요?
582,Need sewing repair.,바느질 수선이 필요해요
583,Tour start now?,투어가 지금 시작하나요?
584,Staying til Tues.,화요일까지 머물 거예요
585,Napkin and fork.,냅킨과 포크 주세요
586,Train timetable.,기차 시간표가 필요해요
587,Hospital entrance?,병원 입구는 어디예요?
588,Walk by river.,강가를 따라 걷고 싶어요
589,Use business center?,비즈니스 센터를 써도 돼요?
590,Glass for water.,물 마실 컵이 필요해요
591,Best route?,가장 좋은 경로는 뭐예요?
592,Going to market.,슈퍼마켓에 갈 거예요
593,Hot water please.,뜨거운 물 좀 주시겠어요?
594,Translator app.,번역 앱이 필요해요
595,Tax included?,가격에 세금이 포함되나요?
596,Try that soup.,저 수프를 맛보고 싶어요
597,Bottle of beer?,맥주 한 병 주시겠어요?
598,Taxi to address.,이 주소로 가는 택시가 필요해요
599,Lost property?,분실물 보관소는 어디예요?
600,Here for vacation.,휴가로 왔습니다
601,Table by door.,문 옆 테이블로 할게요
602,New light bulb.,새 전구가 필요해요
603,Total price?,총 가격은 얼마예요?
604,Want to take break.,잠깐 쉬고 싶어요
605,Use tennis court?,테니스 코트를 써도 돼요?
606,Bigger shirt.,더 큰 셔츠가 필요해요
607,Flight delayed?,비행기가 연착되었나요?
608,Going to library.,도서관에 갈 거예요
609,More salt please.,소금 좀 더 주시겠어요?
610,New toothbrush set.,새 칫솔 세트가 필요해요
611,Find an embassy?,대사관은 어디서 찾아요?
612,See the aquarium.,수족관을 보고 싶어요
613,Taxi right now?,지금 바로 택시를 탈까요?
614,Map of hotel.,호텔 지도가 필요해요
615,Phone code?,전화 국가 번호는요?
616,Here for weekend.,주말 여행으로 왔어요
617,Sweet dessert.,달콤한 디저트 주세요
618,Change my room.,방을 바꿔야 해요
619,Tip mandatory?,팁은 의무인가요?
620,Visit a garden.,정원에 가고 싶어요
621,Use my charger?,여기서 충전기를 써도 돼요?
622,Simple pen.,간단한 펜이 필요해요
623,Best shopping st?,가장 좋은 쇼핑 거리는?
624,Going to stadium.,경기장에 갈 거예요
625,Fork and spoon.,포크와 숟가락 주세요
626,Small juice bottle.,작은 주스 한 병이 필요해요
627,Boarding time?,탑승 시간은 몇 시예요?
628,Try local drink.,현지 음료를 마시고 싶어요
629,Plastic cover?,비닐 덮개를 주시겠어요?
630,Room with bathtub.,욕조가 있는 방이 필요해요
631,Pool on roof?,옥상에 수영장이 있나요?
632,Here until Monday.,월요일까지 있을 거예요
633,Light meal please.,가벼운 식사 주세요
634,Map of the area.,이 지역 지도가 필요해요
635,Nearest drug store?,가장 가까운 약국은요?
636,Buy postcards.,엽서를 좀 사고 싶어요
637,Use vending mach?,자판기를 써도 될까요?
638,Smaller portion.,더 적은 양이 필요해요
639,Name of this dish?,이 음식 이름이 뭐예요?
640,Going to bus term.,버스터미널에 갈 거예요
641,Wake-up call at 7?,7시에 모닝콜 부탁해요
642,Need luggage belt.,여행 가방 벨트가 필요해요
643,Taxi meter run?,택시 미터기가 작동하나요?
644,See main square.,중앙 광장을 보고 싶어요
645,Sweet wine please.,달콤한 와인 한 잔 주세요
646,Call the hotel.,호텔에 전화해야 해요
647,Rent a car where?,차는 어디서 빌려요?
648,Here for business.,업무차 방문했습니다
649,Student discount?,학생 할인이 되나요?
650,Room near elevator.,엘리베이터 근처 방이 필요해요
651,Local time?,현지 시간은 몇 시예요?
652,Break time now.,지금 쉬고 싶어요
653,Use safe box?,금고를 써도 될까요?
654,Airport shuttle.,공항 셔틀이 필요해요
655,Water hot enough?,물이 충분히 뜨거운가요?
656,Museum tomorrow.,내일 박물관에 갈 거예요
657,Some butter?,버터 좀 주세요
658,Ticket to opera.,오페라 표가 필요해요
659,Closest parking?,가장 가까운 주차장은?
660,Buy some flowers.,꽃을 좀 사고 싶어요
661,Receipt for taxi?,택시 영수증 주시겠어요?
662,Clean sheet.,깨끗한 시트가 필요해요
663,Best dish here?,여기서 제일 맛있는 요리는?
664,Walking around.,그냥 주변을 걷는 중이에요
665,Table outside.,바깥 테이블로 할게요
666,Room on low floor.,저층 방이 필요해요
667,Flight full?,비행기가 만석인가요?
668,Want to take photo.,사진을 찍고 싶어요
669,Use public phone?,공중전화를 써도 될까요?
670,Small souvenir.,작은 기념품이 필요해요
671,Train to Busan?,부산 가는 기차는 어디예요?
672,Stay 1 more night.,하룻밤 더 묵을 거예요
673,Sparkling water?,탄산수 좀 주시겠어요?
674,Shoe polish service.,구두 닦는 서비스가 필요해요
675,Voltage here?,여기 전압은 얼마예요?
676,Buy chocolate.,초콜릿을 좀 사고 싶어요
677,Small juice?,작은 주스 한 잔 주세요
678,New battery watch.,시계에 쓸 새 배터리가 필요해요
679,Bus to airport?,이 버스가 공항에 가나요?
680,Going to main st.,중앙 거리에 갈 거예요
681,Fork and knife.,포크와 나이프 주세요
682,Cold water bottle.,시원한 물 한 병이 필요해요
683,Children's area?,어린이 구역은 어디예요?
684,Visit a gallery.,갤러리에 가고 싶어요
685,Use phone charger?,제 폰 충전기를 써도 될까요?
686,Reserve for 4.,4명 예약을 해야 해요
687,Average cost?,평균 비용은 얼마예요?
688,Just having look.,그냥 구경만 하고 있어요
689,Small coffee cup?,작은 커피 잔 주시겠어요?
690,Map with marks.,명소가 표시된 지도가 필요해요
691,Water too cold?,물이 너무 차가운가요?
692,See the ocean.,바다를 보고 싶어요
693,Simple sandwich.,간단한 샌드위치 주세요
694,Use washroom.,화장실을 써야 해요
695,Get a stamp?,우표는 어디서 사요?
696,Back to hotel.,호텔로 돌아갈 거예요
697,Glass of milk?,우유 한 잔 주시겠어요?
698,New blanket.,새 담요가 필요해요
699,Currency symbol?,통화 기호가 뭐예요?
700,Buy some gifts.,선물을 좀 사고 싶어요
701,Use gym equip?,체육관 장비를 써도 될까요?
702,Spare key card.,여분의 키 카드가 필요해요
703,Best place to eat?,가장 좋은 식사 장소는요?
704,Travel for leisure.,레저 목적으로 여행 중이에요
705,Hot chocolate?,핫초콜릿 한 잔 주세요
706,Local phone no.,현지 전화번호가 필요해요
707,Closed on Monday?,박물관은 월요일에 쉬나요?
708,Try street food.,길거리 음식을 먹고 싶어요
709,Bigger bag?,더 큰 가방을 주시겠어요?
710,Room on west side.,서쪽 방이 필요해요
711,Distance to city?,도시까지 거리가 얼마나 돼요?
712,Here sightseeing.,관광 목적으로 왔습니다
713,Light beer please.,가벼운 맥주 주세요
714,Receipt with date.,날짜가 있는 영수증이 필요해요
715,Info point where?,안내 지점은 어디예요?
716,Visit a factory.,공장에 방문하고 싶어요
717,Use mobile data?,모바일 데이터를 써도 될까요?
718,Room with a safe.,금고가 있는 방이 필요해요
719,Fee for luggage?,수하물 요금이 있나요?
720,Going to the pier.,부두에 갈 거예요
721,Olive oil please.,올리브 오일 좀 주시겠어요?
722,Ticket to castle.,성으로 가는 표가 필요해요
723,Best hotel?,가장 좋은 호텔은 어디예요?
724,Want to take selfie.,셀카를 찍고 싶어요
725,Stamp for Europe?,유럽으로 보낼 우표는요?
726,Clean pillowcase.,깨끗한 베갯잇이 필요해요
727,Buy cheap ticket?,저렴한 표는 어디서 사요?
728,Sports event here.,스포츠 경기 때문에 왔어요
729,Glass of soda?,탄산음료 한 잔 주세요
730,Ticket machine.,표 자동 판매기가 필요해요
731,Open until late?,이곳은 늦게까지 여나요?
732,See the monument.,기념비를 보고 싶어요
733,Senior discount?,노인 할인이 되나요?
734,Small notepad.,작은 메모장이 필요해요
735,Opening time?,문을 여는 시간은요?
736,Walking park.,공원을 산책하는 중이에요
737,Cold coffee?,차가운 커피 주세요
738,Map English names.,영어로 된 지도가 필요해요
739,Bus to center?,시내 가는 버스는 어디예요?
740,Try local wine.,현지 와인을 마시고 싶어요
741,Use washing mach?,세탁기를 써도 될까요?
742,Reserve for today.,오늘 예약해야 해요
743,Ferry free?,페리는 무료인가요?
744,To airport now.,지금 공항에 갈 거예요
745,Some ice cream?,아이스크림 좀 주시겠어요?
746,Warm drink.,따뜻한 음료가 필요해요
747,Get local map?,현지 지도는 어디서 얻어요?
748,Buy some sweets.,사탕을 좀 사고 싶어요
749,Use own bottle?,제 물통을 써도 될까요?
750,Taxi in 5 min.,5분 뒤에 택시 부탁해요
751,Bus no. to city?,시내 가는 버스 번호는요?
752,Here for concert.,콘서트 때문에 왔어요
753,Table by window.,창문 옆 테이블로 할게요
754,Luggage storage.,짐 보관소가 필요해요
755,Museum worth it?,박물관은 방문할 가치가 있나요?
756,See the whole.,전체 장소를 보고 싶어요
757,Receipt right now?,지금 바로 영수증 주실까요?
758,Room with shower.,샤워 시설이 있는 방이요
759,Tourist office?,관광 안내소는 어디예요?
760,Leaving tomorrow.,내일 아침에 떠날 거예요
761,More rice please.,밥 좀 더 주시겠어요?
762,Small wine bottle.,작은 와인 한 병이 필요해요
763,Gate number?,게이트 번호가 몇 번이에요?
764,Visit mountains.,산에 방문하고 싶어요
765,Use the iron?,다리미를 써도 될까요?
766,Spare room key.,여분의 방 키 카드가 필요해요
767,Area for tourists?,이 지역은 관광객을 위한 건가요?
768,Waiting for ferry.,다음 페리를 기다리는 중이에요
769,Black coffee?,블랙커피 한 잔 주세요
770,Bus to main stn.,중앙역 가는 버스가 필요해요
771,Find good pub?,좋은 술집은 어디서 찾아요?
772,Buy some snacks.,간식을 좀 사고 싶어요
773,Discount cash?,현금 할인이 되나요?
774,Larger portion.,더 많은 양이 필요해요
775,Departure date?,출발 날짜는 언제예요?
776,Watching people.,그냥 사람들 구경하는 중이에요
777,Glass tap water?,수돗물 한 잔 주시겠어요?
778,Map transport.,교통편 지도가 필요해요
779,Is this last one?,이게 마지막인가요?
780,See the sunrise.,일출을 보고 싶어요
781,Use computer?,여기서 컴퓨터를 써도 될까요?
782,Small notebook.,작은 공책이 필요해요
783,Ticket counter?,표 판매대는 어디예요?
784,Going seaside.,해변가에 갈 거예요
785,Clean spoon.,깨끗한 숟가락 주세요
786,Room double bed.,더블 침대 있는 방이요
787,Closing time now?,지금 마감 시간은 몇 시예요?
788,Try new coffee.,새로운 커피를 마시고 싶어요
789,Receipt machine?,기계에서 영수증을 받나요?
790,Ticket next stop.,다음 정거장 가는 표가 필요해요
791,Taxi line here?,여기 택시 줄이 있나요?
792,Here for meeting.,회의 때문에 왔습니다
793,Table for four.,4인용 테이블로 할게요
794,Call at 8:30.,8시 30분에 모닝콜 부탁해요
795,Find gift shop?,선물 가게는 어디예요?
796,See sunset today.,오늘 일몰을 보고 싶어요
797,Use the locker?,사물함을 써도 될까요?
798,Small cup.,작은 컵이 필요해요
799,Temperature now?,지금 온도는 몇 도예요?
800,Buy some beer.,맥주를 좀 사고 싶어요
801,Pay foreign money?,외화로 계산할 수 있나요?
802,Reserve for 3.,3인 예약을 해야 해요
803,Departure gate?,출발 게이트는 어디예요?
804,Traveling spouse.,배우자와 여행 중이에요
805,Little sauce?,소스 좀 조금만 주시겠어요?
806,Copy of passport.,여권 복사본이 필요해요
807,Breakfast incl.?,아침 식사가 포함되나요?
808,See famous tower.,유명한 탑을 보고 싶어요
809,Small dessert?,작은 디저트 주시겠어요?
810,New camera batt.,카메라 새 배터리가 필요해요
811,Bus stop name?,버스 정류장 이름이 뭐예요?
812,Going riverside.,강변에 갈 거예요
813,Warm milk please.,따뜻한 우유 주세요
814,Universal adapter.,만능 어댑터가 필요해요
815,Good museum where?,좋은 박물관은 어디예요?
816,Try local beer.,현지 맥주를 마시고 싶어요
817,Use umbrella?,우산을 써도 될까요?
818,Small flashlight.,작은 손전등이 필요해요
819,Store still open?,가게가 아직 열었나요?
820,Short holiday here.,짧은 휴가차 왔어요
821,Table near window.,창가 근처 테이블로 할게요
822,Reserve tomorrow.,내일 예약을 해야 해요
823,Fare for children?,어린이 요금은 얼마예요?
824,Buy some wine.,와인을 좀 사고 싶어요
825,Clean glass?,깨끗한 잔 주시겠어요?
826,Laundry form.,세탁 서비스 용지가 필요해요
827,Closest pharmacy?,가장 가까운 약국은요?
828,Beach later.,나중에 해변에 갈 거예요
829,Cold juice please.,시원한 주스 주세요
830,New pair of socks.,새 양말 한 켤레가 필요해요
831,Coffee free?,커피는 무료인가요?
832,Walk to beach.,해변까지 걸어가고 싶어요
833,Use the balcony?,발코니를 써도 될까요?
834,Ticket to center.,시내 가는 표가 필요해요
835,Return flight time?,귀국 비행기 시간은요?
836,Just resting here.,여기서 잠시 쉬는 중이에요
837,Small dessert menu?,작은 디저트 메뉴판 주세요
838,Map tourist spots.,관광지 지도가 필요해요
839,Train to airport?,공항 가는 기차는 어디예요?
840,Try the seafood.,해산물을 먹고 싶어요
841,Sweet drink?,달콤한 음료 주세요
842,Taxi phone number.,택시 전화번호가 필요해요
843,Hotel fully booked?,호텔이 만실인가요?
844,Park next door.,옆 공원에 갈 거예요
845,Stairs to top?,꼭대기까지 계단을 써요?
846,Laptop adapter.,노트북 어댑터가 필요해요
847,Local time zone?,현지 시간대는 뭐예요?
848,See sunset later.,나중에 일몰을 보고 싶어요
849,Small soda?,작은 탄산음료 주세요
850,Luggage tag.,이것에 붙일 꼬리표가 필요해요
851,Stamp for Asia?,아시아로 보낼 우표는요?
852,Traveling friends.,친구들과 여행 중이에요
853,More cheese?,치즈 좀 더 주시겠어요?
854,Tour leaflet.,투어 안내 책자가 필요해요
855,Price per room?,이 가격은 방당인가요?
856,Buy clothes here.,여기서 옷을 좀 사고 싶어요
857,Use voucher now?,지금 상품권을 써도 될까요?
858,Taxi to subway.,지하철역 가는 택시가 필요해요
859,Nearest gym?,가장 가까운 체육관은요?
860,River today.,오늘 강에 갈 거예요
861,Little hot water?,뜨거운 물 조금만 주세요
862,Map hotel marked.,호텔이 표시된 지도가 필요해요
863,Govt. name?,현지 정부 이름이 뭐예요?
864,Take many photos.,사진을 많이 찍고 싶어요
865,Small spoon?,작은 숟가락 주시겠어요?
866,Travel sewing kit.,여행용 바느질 도구가 필요해요
867,Bus on time?,버스가 제시간에 오나요?
868,Holiday trip here.,휴가 여행차 왔어요
869,Bottle of juice?,주스 한 병 주시겠어요?
870,Quiet for reading.,독서할 조용한 곳이 필요해요
871,Good view point?,좋은 전망대는 어디예요?
872,Try local dish.,현지 음식을 먹어보고 싶어요
873,Use the heater?,히터를 써도 될까요?
874,Ticket next city.,다음 도시 가는 표가 필요해요
875,Travel distance?,여행 거리는 얼마나 돼요?
876,Enjoying view.,그냥 경치를 즐기는 중이에요
877,Clean fork?,깨끗한 포크 주시겠어요?
878,Receipt with time.,시간이 있는 영수증이 필요해요
879,Open on Mondays?,월요일에도 가게가 여나요?
880,See local market.,현지 시장을 보고 싶어요
881,Warm tea please.,따뜻한 차 한 잔 주세요
882,Taxi to port.,항구 가는 택시가 필요해요
883,Ticket machine?,표 사는 기계는 어디예요?
884,Leaving for home.,곧 집으로 떠날 거예요
885,Coffee refill?,커피 리필 좀 되나요?
886,Reserve for 1.,1인 예약을 해야 해요
887,Opening hour today?,오늘 여는 시간은 몇 시예요?
888,Visit mountains.,산에 가고 싶어요
889,Use computer free?,컴퓨터를 무료로 써요?
890,Map hiking trails.,등산로 지도가 필요해요
891,Safe for walking?,걷기에 안전한 지역인가요?
892,Long vacation here.,긴 휴가차 왔습니다
893,Table by window.,창문 옆 테이블로 주세요
894,Small coke bottle.,작은 콜라 한 병이 필요해요
895,Buy phone card?,전화 카드는 어디서 사요?
896,Try famous dessert.,유명한 디저트를 먹고 싶어요
897,Senior discount?,어르신 할인이 되나요?
898,Room twin bed.,트윈 침대 방이 필요해요
899,Max luggage size?,최대 수하물 크기는요?
900,See main sights.,주요 명소를 보고 싶어요
901,Laptop in cafe?,카페에서 노트북을 써도 돼요?
902,Local guide book.,현지 가이드북이 필요해요
903,Best photo spot?,사진 찍기 좋은 곳은 어디예요?
904,To station later.,나중에 역에 갈 거예요
905,Glass of iced tea?,아이스 티 한 잔 주세요
906,Ticket to theater.,극장에 가는 표가 필요해요
907,Taxi expensive?,여기 택시가 비싼가요?
908,Take boat ride.,배를 타고 싶어요
909,Smaller bag?,더 작은 봉투 주시겠어요?
910,Map English names.,영어로 된 지도가 필요해요
911,Nearest exit?,가장 가까운 출구는 어디예요?
912,Month-long trip.,한 달 여행 중이에요
913,More water?,물 좀 더 주시겠어요?
914,Reserve next week.,다음 주에 예약해야 해요
915,Find good bar?,좋은 바는 어디서 찾아요?
916,Try local wine.,현지 와인을 마시고 싶어요
917,Use air con?,에어컨을 써도 될까요?
918,Souvenir for kids.,아이들용 작은 기념품이 필요해요
919,Open weekends?,주말에도 가게가 여나요?
920,Park tomorrow.,내일 공원에 갈 거예요
921,Clean plate?,깨끗한 접시 주세요
922,Reserve for 6 pm.,오후 6시에 예약해야 해요
923,Local food spec.?,현지 음식 특산품이 뭐예요?
924,Buy tea leaves.,찻잎을 좀 사고 싶어요
925,Ride to station?,역까지 태워다 줄래요?
926,Map city center.,시내 중심가 지도가 필요해요
927,Bus stop airport?,공항 가는 버스 정류장은?
928,Alone today.,오늘은 혼자 여행 중이에요
929,Cold soda please.,시원한 탄산음료 주세요
930,Small beer bottle.,작은 맥주 한 병이 필요해요
931,Late check-out?,늦은 체크아웃이 되나요?
932,See night view.,야경을 보고 싶어요
933,Use the fridge?,냉장고를 써도 될까요?
934,Ticket to museum.,박물관으로 가는 표가 필요해요
935,Tourist route?,관광객 경로는 뭐예요?
936,Just relaxing.,여기서 그냥 쉬는 중이에요
937,Warm blanket?,따뜻한 담요 주시겠어요?
938,Copy of menu.,메뉴판 복사본이 필요해요
939,Nearest bridge?,가장 가까운 다리는 어디예요?
940,Walk by the sea.,바닷가를 따라 걷고 싶어요
941,Mayonnaise?,마요네즈 좀 주시겠어요?
942,Clean tablecloth.,깨끗한 식탁보가 필요해요
943,Gym on Sundays?,일요일에도 체육관이 여나요?
944,Theatre tonight.,오늘 밤 극장에 갈 거예요
945,Use my camera?,여기서 카메라를 써도 될까요?
946,Cold water bottle.,찬물 한 병이 필요해요
947,Buy cheap lunch?,저렴한 점심은 어디서 사요?
948,See clock tower.,시계탑을 보고 싶어요
949,Family discount?,가족 할인이 되나요?
950,Reserve for 7 am.,오전 7시에 예약해야 해요
951,Closing time tonight?,오늘 밤 마감 시간은요?
952,Short visit here.,잠시 방문하러 왔습니다
953,Small soup?,작은 수프 좀 주시겠어요?
954,Map local area.,현지 지역 지도가 필요해요
955,WiFi password?,인터넷 비밀번호가 필요한가요?
956,Try the fish dish.,생선 요리를 먹고 싶어요
957,Use hair dryer?,헤어 드라이어를 써도 될까요?
958,Ticket main stn.,중앙역 가는 표가 필요해요
959,Train to Incheon?,인천 가는 기차는 어디예요?
960,Leaving Sunday.,일요일에 떠날 거예요
961,Hot tea please.,뜨거운 차 좀 주시겠어요?
962,Small soda bottle.,작은 탄산음료 한 병이 필요해요
963,Exchange rate?,환전 환율은 얼마예요?
964,See port now.,지금 항구를 보고 싶어요
965,Taxi to subway?,지하철역 가는 택시 불러주세요
966,Clean glass.,깨끗한 잔이 필요해요
967,Open late?,박물관이 늦게까지 여나요?
968,Here with parents.,부모님과 함께 왔어요
969,Table counter.,카운터 옆 테이블로 할게요
970,Reserve for dinner.,저녁 식사 예약을 해야 해요
971,Find good bakery?,맛있는 빵집은 어디예요?
972,Take tour bus.,관광 버스를 타고 싶어요
973,Use own cup?,제 커피잔을 써도 될까요?
974,Map local bus.,현지 버스 지도가 필요해요
975,Total amount?,총액은 얼마예요?
976,Looking at view.,그냥 경치만 보고 있어요
977,Small rice portion.,밥 조금만 주시겠어요?
978,Small bag for this.,이것을 담을 작은 봉투가 필요해요
979,Bus to center?,이 버스가 시내에 가나요?
980,Try local dessert.,현지 디저트를 먹고 싶어요
981,Use public restrm?,공중화장실을 써도 될까요?
982,Ticket to airport.,공항 가는 표가 필요해요
983,Tourist map?,관광 지도는 어디 있어요?
984,Leaving afternoon.,오후에 떠날 거예요
985,More ice cream?,아이스크림 좀 더 주세요
986,Taxi in 20 min.,20분 뒤에 택시 부탁해요
987,Bus fare to city?,시내 버스 요금은 얼마예요?
988,See whole market.,시장 전체를 보고 싶어요
989,Small souvenir?,작은 기념품 주시겠어요?
990,Reserve for 5.,5인 예약을 해야 해요
991,Main road where?,주요 도로는 어디예요?
992,Traveling for work.,일 때문에 여행 중이에요
993,Hot drink now?,지금 따뜻한 음료 주세요
994,Clean face towel.,얼굴 닦을 깨끗한 수건이 필요해요
995,Price same all?,가격은 모두 똑같나요?
996,Visit temple now.,지금 절에 가고 싶어요
997,Use stairs here?,여기 계단을 써도 돼요?
998,Ticket to tower.,탑으로 가는 표가 필요해요
999,Want to check out.,체크아웃하고 싶어요
